split,contract,brier,log_loss,roc_auc,pr_auc
calibration,none,0.09694041622410707,0.3138282987996452,0.8270598968082975,0.43242090376915376
test,none,0.09738093672341425,0.3143939100370064,0.8269554767690506,0.4230651760244919
test,schema-v1 reference (uncalibrated),0.09738093672341425,0.3143939100370064,0.8269554767690506,0.4230651760244919
